,alpha,beta,delta,gamma,e,f,g,h
0,,,,,,,,
1,,,,,,,,
2,,,,,,,,
3,,,,,,,,
4,,,,,,,,
5,,,,,,,,
6,1.0000000000039269,3.561132730874482e-28,1.4341888295422118e-28,7.531906240306522e-28,2.886203061179761e-32,2.886203061179761e-32,,1.9439148495261172e-29
7,0.4039878635599296,0.06903091059796315,0.0327664979168962,0.1566330918460655,8.004984959395378e-07,8.004984959395378e-07,,0.0032069479090247118
