,alpha,beta,delta,gamma,e,f,h
0,0.9900990099009901,0.009900990099009887,3.315707888378886e-27,8.259495548310918e-28,5.1452723996293236e-27,3.3175092718266645e-27,1.3183858794441315e-26
1,0.9900990099009902,0.009900990099009781,3.2991019414016715e-27,8.412790122059661e-28,5.1859808360068334e-27,3.35158346401896e-27,1.6540456551186924e-26
2,0.9900990099009903,0.009900990099009624,3.3166719433044044e-27,8.33497807502938e-28,5.178014358356442e-27,3.330451673542962e-27,2.3643908817833275e-27
3,0.9900990099009902,0.009900990099009827,3.326790911803393e-27,8.407634174183872e-28,1.1054787232056172e-29,3.327818892668443e-27,1.8640672475069813e-30
4,0.9900990099009901,0.00990099009900993,3.237467250167349e-27,7.988256225831997e-28,1.2931205201000119e-30,1.599918280421977e-30,1.8309083647438844e-30
5,0.9900990099009901,0.00990099009900989,6.430061683301933e-30,8.385508832992546e-28,1.1124571758374744e-29,1.925033249258329e-30,1.1777599592897215e-29
6,0.9900990099009901,0.009900990099010003,3.4568679460543895e-30,8.434887230988682e-28,2.3548926438060127e-30,2.9375851444381906e-30,2.770452781920393e-30
7,0.9900990099009902,0.009900990099009754,1.6408637486632248e-31,4.420051024647934e-31,1.4862337612943057e-31,1.252573157282995e-31,4.726296206428256e-31
8,0.9900990099009902,0.009900990099009754,1.6408637486632248e-31,4.420051024647934e-31,1.4862337612943057e-31,1.252573157282995e-31,4.726296206428256e-31
