params,1,2,1,2
1,,0.005432979649054287,,0.06858507784848614
2,,,,
