,S1,S1_conf,ST,ST_conf
0,1.0093928255858065,4.164847364191289,0.5588356302055885,2.635618659644103
1,0.906215541317325,0.6394318464250932,0.2785333235217204,0.5576251224120032
