params,1,2,1,2
1,,-0.762856434111113,,18.097580145943954
2,,,,
