,S1,S1_conf,ST,ST_conf
0,0.8235883739523303,0.05003477575860684,0.8275995217724864,0.03948733794289671
1,0.17249891198784797,0.025552113569896805,0.1776913606403237,0.010895665138246231
