params,ST
alpha,0.4328878938752634
beta,0.11106283987840708
delta,0.7788299388092064
gamma,0.09508979865288418
