,alpha,beta,delta,gamma,e,f,h
0,1.00980866140724e-33,4.903981926085999e-32,0.9870452352226685,0.00020882940513801586,0.012745935372193512,2.2720694881662897e-31,4.453256196805928e-31
1,1.00980866140724e-33,4.903981926085999e-32,0.9870452352226685,0.00020882940513801586,0.012745935372193512,2.2720694881662897e-31,4.453256196805928e-31
