,alpha,beta,delta,gamma
0,0.2534253514312731,0.0006463302935779372,0.7082492430853593,0.0376790751897895
1,0.2534253514312731,0.0006463302935779372,0.7082492430853593,0.0376790751897895
