,alpha,beta,delta,gamma
0,0.34856476045421975,0.04262095054795834,0.7238939758512934,0.061158169381039316
1,0.3421270356791311,0.04152930881105605,0.7073309556403087,0.07123934618085394
2,0.3203182941499584,0.04487802140829978,0.7234651543662951,0.070706752751693
3,0.32684885350621284,0.043985794134591985,0.7241170875511806,0.06720619820048922
4,0.32982344608992425,0.042864035864199256,0.7232013512646644,0.06628586550884617
5,0.32982344608992425,0.042864035864199256,0.7232013512646644,0.06628586550884617
