,alpha,beta,delta,gamma
0,0.12982230236699605,0.43460597678071394,0.019115925749920878,0.37083018410295415
