,alpha,beta,delta,gamma
0,0.129822137430815,0.4346054246240447,0.01911590146358692,0.3708297129719291
1,0.24089572263056477,0.004103953845151717,0.03584755032200556,0.6946062807027681
2,0.9770601484428683,9.219195404087481e-29,0.012848424792754868,3.391587007707642e-30
3,3.507371376586962e-27,7.412078721070635e-28,1.0,2.5504441929747698e-27
4,0.11966740436750647,0.07117004119610536,0.27122795447760656,0.09574003224303503
5,0.00818846819578797,0.014682778418711222,0.03217087541073579,0.006565744783298529
