,chosen_index,local_error,global_error,no_nodes,run_time
0,"(1, 1, 1, 1)",33.05030935450111,,32,30.1102746
1,"(1, 1, 1, 2)",33.01743523458237,,56,24.879547699999996
