,alpha,beta,delta,gamma,e,f,h
0,3.681122482979e-32,2.6561725485503557e-31,2.617687099007289e-31,2.4566379903769576e-31,2.0041666851774553e-31,0.9994837377387713,0.000516262261228696
1,3.681122482979e-32,2.6561725485503557e-31,2.617687099007289e-31,2.4566379903769576e-31,2.0041666851774553e-31,0.9994837377387713,0.000516262261228696
