,alpha,beta,delta,gamma
0,0.529425775275409,0.2226357889157982,0.5499697271555771,0.2045741883312761
1,0.7990377252096407,0.9999039509998688,0.8885606240957175,0.9999991332272579
2,0.9943331013140488,0.07086999674332455,0.9664928614975221,0.9956903521286347
3,0.9652568088404192,0.9817732149320358,0.3414658201836526,0.8613594547446091
4,0.8383875139156586,0.992248683059931,0.9025282281185978,0.17035412033228656
5,0.6495053810022868,0.9767971202154544,0.760921016266464,0.43479472738583674
6,0.4282982005353085,0.999999998355829,0.3198872828332562,0.6801127149997377
7,0.6949219256577629,0.253123948085064,0.8231812070807133,0.09705629002815593
8,0.692831235069442,0.2585491513422478,0.8016850967633012,0.0860980810824817
