,alpha,beta,delta,gamma
0,0.3933505475168868,0.27073837200183476,0.2038752847945551,0.13203579568672338
1,0.3933505475168868,0.27073837200183476,0.2038752847945551,0.13203579568672338
